-- ============================================
-- 博客数据库 PostgreSQL 兼容数据导入脚本
-- ============================================

-- 1. 禁用所有外键约束检查（PostgreSQL 方式）
SET session_replication_role = 'replica';

-- 2. 清空现有表数据（确保干净且不冲突）
TRUNCATE TABLE comment_likes, article_likes, comments, articles, collections, photos, profiles, users RESTART IDENTITY CASCADE;

-- ----------------------------
-- 插入 users 表数据
-- ----------------------------
INSERT INTO users (id, username, password, nickname, avatar, cover, bio, email, qq, github, created_at, updated_at, deleted_at) VALUES 
(1, 'admin', '$2a$10$PNaNEbxANowSHSkI/SVaHOQOxczoVIxMZ/Zt41mZVCweJfRoRZSKa', 'admin', '', 'https://images.unsplash.com/photo-1514888286974-6c03e2ca1dba?auto=format&fit=crop&q=80&w=2600', '博主技术栈：Go，Gorm，Gin， Linux，Python，YOLO，Java，MySQL，Web。', 'eroz7946@gmail.com', '2790457332', 'https://github.com/Zero-hhac/', '2026-03-24 17:37:14', '2026-03-25 07:27:03', NULL),
(2, 'hhh', '$2a$10$LSlfpVLyS96H1I0du6jbTec5u5VQ78.IdA4KsJWjl1pY/QT8wMGNi', 'hhh', '', '', '', '', '', '', '2026-03-24 18:17:04', '2026-03-24 18:17:04', NULL),
(3, 'lin', '$2a$10$5RCxJNm7klaFCTOB0URvG.41dyu5BYu3oKTTlJYcpfuB4WYyvN58K', 'lin', '', '', '', '', '', '', '2026-03-24 18:17:16', '2026-03-24 18:17:16', NULL),
(4, 'zero', '$2a$10$m6C3BV.umk5JurhH6t72jeTKkUKCrJipGfWLrBopxaT//yYNlVW3m', 'zero', '', '', '', '', '', '', '2026-03-24 18:26:07', '2026-03-24 18:26:49', NULL),
(5, 'h1', '$2a$10$XX6HNodIL5qGpP0KAQ8uGeCb4Ww7RqNT7v3M8KZPCE9Jl4YCaqx/u', 'h1', '', '', '', '', '', '', '2026-03-25 04:46:07', '2026-03-25 04:46:07', NULL),
(6, '哈哈哈我是奶林', '$2a$10$UBDZSmTdIFfPlOA.XOj.ReRBCF3bnO59NoQIGJ25an/ebyCKGDM9G', '哈哈哈我是建噜', '', '', '', '', '', '', '2026-03-25 06:53:36', '2026-03-25 06:53:36', NULL),
(7, '小汪', '$2a$10$RtCLGgPYO6gQTcDJtfizXuLMxWM.VRLSqiEFhfxS993EJrrNiY2aC', '小汪', '', '', '', '', '', '', '2026-03-25 07:53:15', '2026-03-25 07:53:15', NULL),
(8, 'tt', '$2a$10$Gjmj6ed8oPAZloPoqRPhIO2zZ62DQNgHlf2YipyMYoymuiKilxmxu', 'tt', '', '', '', '', '', '', '2026-03-26 06:17:47', '2026-03-26 06:17:47', NULL);

-- ----------------------------
-- 插入 collections 表数据
-- ----------------------------
INSERT INTO collections (id, title, description, user_id, created_at, updated_at, deleted_at) VALUES 
(1, '「工程索引」', '记录构建世界的每一行逻辑。', 1, '2026-03-24 17:56:48', '2026-03-24 17:56:48', NULL),
(2, '「感官记录」', '在宏大叙事中捕捉微小的真实。', 1, '2026-03-24 17:57:04', '2026-03-24 17:57:04', NULL);

-- ----------------------------
-- 插入 articles 表数据
-- ----------------------------
INSERT INTO articles (id, title, content, user_id, collection_id, likes_count, created_at, updated_at, deleted_at) VALUES 
(1, 'a', 'a', 1, NULL, 0, '2026-03-24 17:55:12', '2026-03-24 17:55:12', '2026-03-24 17:57:34'),
(2, '破茧：我的 AI 与后端开发溯源之旅', '## 破茧：我的 AI 与后端开发溯源之旅\n\n站在 2026 年的春光里，回看过去两年的大学生活，我发现成长从来不是一条笔直的线，而是一次次在“放弃”与“坚持”之间的博弈。作为一个 AI 专业的学生，我的代码里写满了尝试与重构，也记录了一个少年从迷茫走向笃定的过程。\n\n### 一、 抉择：从“赛道”回归“本源”\n\n我学习历程中最重要的转折点，发生在 2025 年的那个冬天。\n\n当时，我加入了一个职业技能竞赛团队。最初的初衷是渴望在集体中寻找方向，但短短一周后，我发现那种“为了比赛而拼凑代码”的模式，并不是我追求的技术之道。我渴望的是从底层逻辑去拆解每一个模块，而不是在紧迫的 DDL 下机械地堆砌调不通的组件。\n\n于是，我做出了一个在外人看来有些“冒险”的决定：**退出团队，开启独立进化的路径。**\n\n那段时间是孤独的，但也是极度高能的。我开始重新审视自己的基础，从 C 语言的指针分配到 Java 的并发模型，我不再为了奖项奔跑，而是为了“彻底弄懂”而停留。这次退赛让我明白：**慢下来，是为了下一次更精准、更深层的爆发。**\n\n### 二、 视觉之眼：YOLO 与灾害监测的实战感悟\n\n在 AI 的广阔领域中，我唯独对“计算机视觉”情有独钟。\n\n我的第一个真正意义上的挑战是“番茄成熟度检测”。从手动标注成千上万张图片，到调优 YOLO 模型超参数，我第一次感受到了将算法转化为现实应用带来的成就感。随后，我将这种热情带入了更复杂的项目——**无人机灾害巡检系统**。\n\n在那个项目里，我尝试用 YOLOv8 结合 Qwen-VL Plus 大模型，去计算泥石流灾害的加权风险得分。当看到无人机传回的画面被实时标记出风险区域时，我意识到，AI 不应该是实验室里的数学公式，它应该是灾难发生时能够提供决策支持的技术微光。\n\n### 三、 后端之基：构建高性能的“数字化骨骼”\n\n如果说 AI 是我的眼睛，那么后端开发就是支撑我梦想的骨骼。\n\n作为一名 AI 专业的学生，我并没有局限在 Python 的“调包”世界里。我痴迷于 **Go 语言**那种极致的简洁与并发哲学。在学习 Go 的过程中，我深刻体会到了 goroutine 和 channel 带来的性能跃迁。\n\n今年 3 月，我成功部署了我的个人网站。这不仅仅是一个网页，它是一个高度集成的系统：后台由 Go 语言构建的微服务支撑，并无缝嵌入了我亲手编写的 YOLO 识别模块。为了让系统更稳健，我开始钻研 Java 的 Spring 生态，理解 JVM 的调优艺术。这种“前端展示、后端支撑、AI 赋能”的架构，是我目前最理想的技术闭环。\n\n### 四、 沉淀：在代码中寻找确定性\n\n现在的我，更倾向于在安静的深夜里与代码对话。\n\n我不再急于参加各类名目繁多的比赛，而是把时间花在打磨系统的每一个细节上——如何优化内存逃逸？如何提高目标检测的 FPS？如何让微服务在 Cloudflare 上跑得更稳？这种对底层的掌控感，比任何奖杯都让我感到踏实。\n\n### 五、 未来：盛夏的实习憧憬\n\n随着 2026 年夏季的临近，我开始整理这一路走来的项目成果。\n\n我希望能在某个充满技术氛围的团队里，继续打磨我的视觉算法，或是参与构建支撑海量数据的分布式后端。我并不追求那种“大而全”的标签，我更希望能够在一个真实的应用场景中，看到我的代码如何改变现实世界的运行效率。\n\n### 结语\n\n从那个在职业比赛门口转身离开的少年，到如今能够独立构建 AI 识别系统的全栈开发者，我走过了一条属于自己的“非标之路”。\n\n最好的学习不是追随大众的脚步，而是在对底层的不断追问中，找到属于自己的节奏。我的网站，我的项目，我的每一次 Bug 调试，都是这段旅程最真实的见证。\n\n未来还在继续，而我，正全副武装，准备出发。\n', 1, 2, 1, '2026-03-24 17:57:26', '2026-03-24 17:58:12', NULL),
(3, '自由与秩序：Linux——驱动现代文明的隐形引擎', '## 自由与秩序：Linux——驱动现代文明的隐形引擎\n\n如果你问一位资深工程师，哪项技术在过去三十年里最深刻地改变了互联网，答案绝不是某个前端框架或某种编程语言，而是 **Linux**。从口袋里的安卓手机，到火星上的“毅力号”无人机，再到支撑全球 AI 算力的超级计算机集群，Linux 已经成为了现代文明运行的“数字底座”。对于一名开发者来说，从 Windows 切换到 Linux，本质上是从一个“用户”进化为一名“创造者”。\n\n### 一、 架构之魂：一切皆文件的哲学\n\nLinux 最伟大的设计理念莫过于 **“Everything is a file”**。在 Linux 的世界里，无论是你的硬盘、网卡、键盘，还是进程间的通信管道，都被抽象为文件。\n\n这种极致的统一性带来了无与伦比的优雅：你可以使用 `cat` 指令读取传感器数据，也可以通过 `echo` 向内核参数写入指令。这种通过文件描述符（File Descriptor）统一管理硬件与软件资源的模式，使得系统极其透明且易于自动化。当你理解了 `/proc` 目录下的虚拟文件系统如何实时反映内核状态时，你就真正握住了掌控系统的钥匙。\n\n\n\n### 二、 命令行艺术：Shell 是开发者的手术刀\n\n在 GUI（图形界面）时代，为什么要坚持使用黑漆漆的终端？因为 **Shell 脚本是工程自动化的最高形态**。\n\n通过管道（Pipe `|`），Linux 允许你将无数个功能单一的小工具（如 `grep`, `awk`, `sed`, `find`）组合成一个强大的处理流水线。这种“组合”的思想与 Go 语言的接口、微服务的架构不谋而合。对于处理大规模日志文件、自动化部署 YOLO 模型镜像，或者批量监控服务器状态，Shell 的效率是任何鼠标点击都无法比拟的。熟练掌握 Bash 或 Zsh，意味着你拥有了大规模操作系统的“超能力”。\n\n### 三、 安全与边界：权限模型与内核命名空间\n\nLinux 的稳定性源于其严密的权限体系。从基础的 `rwx` 权限位，到复杂的 `sudo` 授权机制，它确保了系统的每一个字节都在受控范围内运行。\n\n而在现代云原生时代，Linux 的 **Namespace（命名空间）** 和 **Cgroups（控制组）** 技术更是直接催生了 Docker 和 Kubernetes。\n* **Namespace** 实现了资源的隔离（让你觉得自己在独立的容器里）。\n* **Cgroups** 实现了资源的限制（确保某个 AI 训练进程不会抢占整个服务器的 CPU）。\n这种在内核层面对算力的精细化切割，是现代云计算能够实现大规模商业化部署的根本原因。\n\n### 四、 AI 与嵌入式：Linux 的无处不在\n\n在你的无人机灾害巡检项目或边缘计算研究中，Linux 是唯一的选择。\n\n1.  **RT-Preempt 实时补丁：** 传统的操作系统无法保证任务执行的绝对准时，但经过实时优化的 Linux 内核可以做到微秒级的响应，这对于无人机的避障算法至关重要。\n2.  **驱动生态：** NVIDIA 的驱动、摄像头接口（V4L2）、各种传感器的 I2C/SPI 通信，在 Linux 下都有最成熟的支持。\n3.  **算力调度：** 当你在 Ubuntu 上运行分布式 AI 训练时，Linux 内核的调度器（CFS）正在后台疯狂计算，确保成千上万个线程在多核 CPU 间高效切换。\n\n\n\n### 五、 给 Linux 探索者的进阶路线\n\n如果想在网站上展示出你对 Linux 的“硬核”掌控，可以尝试以下路径：\n\n* **深入内核编译：** 尝试手动配置并编译一次 Linux 内核（Kernel），精简掉不需要的模块，你会对操作系统的启动流程（Bootloader -> Kernel -> Init）有质的飞跃。\n* **掌握 Vim/Emacs：** 摆脱对重量级 IDE 的依赖。在服务器终端环境里，能够流畅地使用 Vim 修改代码，是区分职业选手与业余爱好者的标志。\n* **理解网络栈：** 深入学习 `iptables`、`ebpf` 以及 Linux 如何处理 TCP/IP 封包。这是构建高性能后端和进行系统调优的必', 1, 2, 1, '2026-03-24 17:58:12', '2026-03-24 17:58:12', NULL),
(4, '计算机的母语： C 语言', '## 计算机的母语：探寻 C 语言在硅基世界中的至高权杖\n\n如果说 Python 是现代开发的“外衣”，Java 是“骨架”，那么 C 语言就是支撑整个数字世界的“细胞与神经”。在高级语言不断抽象、试图掩盖底层细节的今天，C 语言依然傲立于巅峰。对于一名计算机专业的开发者而言，掌握 C 语言，不仅是学会一门工具，更是一场关于**“如何像计算机一样思考”**的修行。\n\n### 一、 绝对掌控：指针与内存的生死契约\n\nC 语言最令人望而生畏、也最令人着迷的特性莫过于**指针（Pointer）**。在 Java 或 Go 中，内存管理被交给了虚拟机或垃圾回收器；但在 C 的世界里，开发者拥有对内存地址的绝对控制权。\n\n指针本质上是通往计算机硬件的阶梯。通过指针，你可以直接操纵寄存器、手动分配每一比特的堆空间、甚至构建出极致高效的数据结构。这种“手动挡”的操作方式虽然带来了内存泄漏或段错误（Segmentation Fault）的风险，但也赋予了程序极致的运行效率。在处理实时性要求极高的任务（如无人机的姿态控制算法）时，这种毫秒级的确定性是任何带 GC 语言都无法提供的。\n\n\n\n### 二、 性能之巅：从操作系统到 AI 算子的“最后一道防线”\n\n为什么在 2026 年，我们依然离不开 C 语言？答案藏在系统的底层：\n\n1.  **内核的基石：** 无论是 Linux、Windows 还是 macOS，其核心调度器、文件系统和网络协议栈，90% 以上由 C 语言编写。它是唯一能与汇编语言无缝衔接、同时保持逻辑可读性的高级语言。\n2.  **驱动与嵌入式：** 在你的智能家居、工业传感器乃至高性能显卡的驱动程序中，C 语言是与硬件“握手”的唯一标准。\n3.  **AI 的加速引擎：** 这是一个容易被忽视的事实——尽管我们在上层使用 Python 调用 PyTorch，但那些底层的卷积运算（Convolution）和矩阵乘法内核（Kernels），为了榨干 GPU 或 NPU 的最后一滴性能，最终往往是通过 C 或 CUDA C 实现的。C 语言是 AI 算力从理论走向落地的“加速器”。\n\n### 三、 极简哲学：回归编程的本质\n\nC 语言的语法极度精简，只有 32 个关键字。它没有花哨的类、模板或异步语法糖，这种“克制”反而催生了最纯粹的编程美学。\n\n在 C 语言中，你必须亲手设计每一个 `struct`，亲手编写 `malloc` 和 `free`。这种过程迫使你理解冯·诺依曼架构的本质：**数据如何在内存中流动，指令如何被 CPU 压入栈帧。** 这种底层视角，会让你在回头写 Go 并发模型或 Java 类加载机制时，拥有一种“降维打击”般的透彻理解。\n\n### 四、 云原生与物联网时代的 C 语言\n\n在资源受限的边缘计算（Edge Computing）领域，C 语言的优势被进一步放大。当一个微型传感器只有几 KB 的 RAM 时，Java 的虚拟机根本无法启动，Python 的解释器也显得过于臃肿。此时，通过 C 语言精细打磨的代码，能够以极低的能耗稳定运行数年。\n\n同时，现代 C 标准（如 C11/C23）也在不断进化，引入了更安全的泛型支持和多线程并发库。配合 **LLVM** 等强大的编译器优化技术，C 语言在现代架构上的表现依然是衡量所有编程语言性能的标杆。\n\n### 五、 给硬核开发者的进阶之路\n\n如果你希望在个人网站上展示出对 C 语言的精深理解，建议深耕以下方向：\n\n* **内存安全防御：** 学习如何使用 `Valgrind` 检测内存泄漏，掌握防御性编程（Defensive Programming）技巧，避免缓冲区溢出漏洞。\n* **系统级编程：** 尝试编写一个简易的 shell 解释器，或者实现一个基于 Socket 的多线程 Web 服务器。理解进程隔离、信号量与管道通信（IPC）。\n* **嵌入式与 AI 结合：** 尝试将轻量级的推理引擎（如 TinyML）移植到单片机上。当你在百元级的嵌入式设备上运行 C 语言编写的图像分类算法时，你会真正感受到“有限资源、无限可能”的魅力。\n\n### 结语\n\nC 语言是编程界的“拉丁语”。它或许不再是大多数业务场景的首选，但它构成了所有现代软件的基因。\n\n', 1, 1, 0, '2026-03-24 17:58:28', '2026-03-24 17:58:28', NULL),
(5, '工业之基：深度解析 Java 的统治力', '## 工业之基：深度解析 Java 在现代分布式架构中的核心统治力\n\n在编程语言的演进长河中，新兴语言如雨后春笋般涌现，但 Java 始终像是一座稳固的灯塔，矗立在企业级开发的中心。对于一名习惯了 Python 的灵动或 Go 的简洁的开发者来说，重新审视 Java，你会发现它不仅仅是一门语言，更是一套代表了软件工程最高标准的环境、工具链和设计哲学。\n\n### 一、 严谨之美：类型系统与工程化的“护城河”\n\nJava 最核心的魅力在于其**极高的工程上限**。相比于动态语言的自由，Java 强迫开发者在编写代码时就必须思考对象的生命周期、接口的抽象以及异常的严密处理。\n\n这种“强制性”在小型脚本中或许显冗余，但在超过十万行代码的大型分布式项目中，它是防止系统崩溃的最后一道防线。Java 的静态类型系统和成熟的设计模式（Design Patterns），让多人协作开发变成了可控的工业流程。无论是 Spring Boot 的依赖注入（DI），还是面向切面编程（AOP），Java 都在传递一个核心理念：**软件应该是可预测、可维护且易于扩展的。**\n\n### 二、 性能心脏：JVM 的进化与“黑科技”\n\n很多人对 Java 的印象还停留在“启动慢、费内存”。然而，现代 **JVM (Java Virtual Machine)** 早已进化为人类工程史上最复杂的黑科技之一。\n\n1.  **JIT (Just-In-Time) 即时编译：** 通过热点代码探测，JVM 能在运行时将字节码直接编译为机器码。这意味着 Java 在长时运行的服务器端，其执行效率在很多场景下已经逼近 C++。\n2.  **垃圾回收（GC）的巅峰：** 从经典的 G1 到革命性的 ZGC（Z Garbage Collector）。ZGC 通过染色指针（Colored Pointers）和读屏障（Load Barriers）技术，已经实现了在 TB 级内存下将停顿时间（Stop-the-World）稳定控制在 10 毫秒以内的惊人表现。对于需要处理海量并发请求的后端系统，这种稳定性是其他语言难以企及的。\n3.  **GraalVM 与原生镜像：** 针对云原生架构，GraalVM 允许将 Java 应用提前编译（AOT）为原生可执行文件。这不仅实现了“秒级启动”，还极大地降低了内存占用，彻底解决了 Java 在微服务和 Serverless 架构下的启动痛点。\n\n\n\n### 三、 生态护城河：从 Spring 宇宙到大数据帝国\n\nJava 真正的“核武器”是其无所不包的生态系统。在后端开发领域，你几乎找不到 Java 解决不了的工业级问题：\n\n* **微服务标准：** Spring Cloud 体系几乎定义了微服务的服务发现、负载均衡、配置中心和熔断机制的世界标准。\n* **大数据统治力：** 翻开大数据技术栈，从 Hadoop、Spark 到 Flink、Kafka，其核心几乎清一色由 Java（或 JVM 语言 Scala）构建。\n* **企业级整合：** 无论是复杂的权限校验（Spring Security）、极致的持久化操作（MyBatis-Plus），还是高性能的消息中间件（RocketMQ），Java 的插件化支持是全球最顶级的。\n\n### 四、 AI 时代的 Java：被低估的“前店后厂”协同\n\n虽然 Python 垄断了模型训练，但在**模型推理的工程化落地**上，Java 表现出了极强的韧性。\n\n在实际生产环境中，一个完整的 AI 系统不仅仅是运行一个 YOLO 模型。它涉及到高并发的用户请求处理、多级缓存架构（Redis/Guava）、分布式限流以及精细的监控报警。Java 的高性能异步框架（如 Netty 或 Project Loom 带来的虚拟线程）是承载这些逻辑的最佳载体。通过 Java 封装高性能 API，后端调用 Python 训练好的模型权重，实现“前店（Java 处理业务）后厂（Python/C++ 处理计算）”的架构，是目前互联网大厂最稳健的落地选择。\n\n### 五、 给技术进阶者的实战指南\n\n如果想让你的 Java 专栏显得格调更高，建议深入以下三个维度：\n\n1.  **并发编程深度探究：** 不要只停留在 ', 1, 1, 0, '2026-03-24 18:01:16', '2026-03-24 18:01:16', NULL),
(6, '智算时代的“通用语言”:Python', '## 智算时代的“通用语言”：Python 如何重塑 AI 工程生态\n\n在软件工程数十年的演进史中，很少有哪门语言能像 Python 这样，在被质疑“运行效率低下”的同时，却又无可争议地统治了科学计算与人工智能这两个对性能要求最苛刻的领域。对于一名 AI 专业的开发者而言，Python 不再仅仅是一个脚本工具，它已经演变成了一套连接底层算力与上层逻辑的“通用协议”。\n\n### 一、 语法自由：释放算法工程师的生产力\n\nPython 成功的基石源于其核心哲学：**代码是写给人看的，只是顺便给机器执行。**\n\n在 C++ 或 Java 中，开发者往往需要耗费大量精力在变量类型声明、内存手动管理以及复杂的编译依赖上。而在 Python 中，这种“认知负荷”被降到了最低。通过简洁的缩进和接近自然语言的语法，Python 允许开发者将 90% 的精力集中在算法逻辑和数学模型上。\n\n这种“开发效率优先”的策略，在瞬息万变的 AI 领域至关重要。当一个新的神经网络架构（如 Transformer）出现时，研究人员可以使用 PyTorch 在几小时内完成原型验证。如果换成底层语言，光是处理张量运算的边界检查可能就要耗费数日。\n\n### 二、 生态霸权：从“胶水语言”到“算力指挥官”\n\nPython 之所以能统领 AI，是因为它构建了一个极其恐怖的第三方库生态。这个生态不仅数量庞大，而且各司其职，构成了一座严密的现代工程大厦：\n\n1.  **数据处理的铁三角：** `NumPy` 提供了高效的矩阵运算，`Pandas` 实现了灵活的数据清洗，而 `Matplotlib/Seaborn` 则让数据可视化变得轻而易举。\n2.  **深度学习的孪生双子：** `PyTorch` 与 `TensorFlow`。它们不仅是库，更是开发者思考模型的框架。\n3.  **计算机视觉的基石：** `OpenCV` 与 `Pillow`。在你的 YOLO 目标检测项目中，Python 正是通过这些接口，将摄像头捕获的原始像素流转化为计算机可理解的特征向量。\n\n\n\n### 三、 混合编程：打破“运行速度慢”的偏见\n\n关于 Python，“运行慢”是一个经久不衰的标签。但从现代工程架构来看，这是一个典型的误区。\n\n在 AI 领域， Python 实际上扮演的是**“指挥官”**的角色。核心的计算密集型任务（如卷积运算、矩阵乘法）早已通过 `Pybind11` 或 `Cython` 卸载到了 C++ 甚至是 CUDA（GPU 核心）中。\n\n当你运行一段简单的 Python 代码调用 YOLOv8 模型时：\n* Python 负责逻辑调度、参数读取和结果展示（耗时极小）。\n* 底层的 C++/CUDA 负责成千上万个核心的并行计算（耗时占比 99%）。\n\n这种“外层灵动、内核硬核”的架构，兼顾了开发体验与执行速度，是 Python 能够立于不败之地的技术底牌。\n\n### 四、 大模型与 Agent：Python 的第二春\n\n随着 LLM（大语言模型）和 AI Agent（人工智能智能体）的兴起， Python 展现出了更强的统治力。\n\n* **LangChain 与 AutoGPT：** 这些框架利用 Python 的动态特性，实现了对大模型链式调用的完美编排。\n* **API 经济：** 无论是调用 Qwen 还是 GPT-4， Python 的异步处理能力（Asyncio）和强大的请求库（Requests/HTTPX）使其成为了连接云端大脑的首选。\n* **嵌入式 AI：** 随着高性能嵌入式设备的普及，在无人机、机器人等领域， Python 正通过微服务化的方式，调度各类传感器和执行器，实现复杂的决策逻辑。\n\n### 五、 给未来架构师的进阶建议\n\n如果你想在个人网站上展示出超越普通学生的深度，仅仅掌握 `print("Hello AI")` 是不够的。建议在 Python 学习中关注以下高阶路径：\n\n1.  **性能调优：** 深入理解 Python 的内存模型和垃圾回收机制，学会使用 `cProfile` 定位代码瓶颈。\n2.  **异步并发（Asyncio）：** 在构建 AI Agent 或大规模爬虫时，同步阻塞代码是致命的。掌握 ', 1, 1, 0, '2026-03-24 18:14:23', '2026-03-24 18:14:23', NULL),
(7, '深度探索 Go 语言', '---\n\n## 深度探索 Go 语言：构建高性能后端的现代基石\n\n在云计算与微服务大行其道的今天，开发者对编程语言的诉求已经从单纯的“功能实现”转向了“高并发执行”与“极简维护”。Go（Golang）正是为了解决大规模软件系统的工程痛点而生。对于习惯了 Java 的严谨或 C 语言的底层控权的开发者来说，Go 像是一种“恰到好处”的折中：它既有接近 C 的执行效率，又拥有不输于 Python 的开发速度。\n\n### 一、 哲学之辨：从“对象”回归“组合”\n\n如果你习惯了 Java 繁琐的继承树（Inheritance），初遇 Go 时可能会感到一丝“简陋”。Go 彻底抛弃了 `extends` 和 `implements` 关键字，转而采用**隐式接口（Structural Typing）**。\n\n这种设计被称为“鸭子类型”的静态实现：如果一个结构体实现了接口定义的全部方法，那么它就自动实现了该接口。这种解耦方式让代码极其灵活，你可以在不修改原始代码库的情况下，为第三方库增加新的抽象层。在构建后端架构时，这种“组合优于继承”的思维能显著降低模块间的耦合度。\n\n### 二、 核心引擎：GMP 模型与并发原语\n\nGo 的灵魂在于其原生并发模型。不同于传统的 1:1 线程模型（一个用户线程对应一个内核线程），Go 实现了 **M:N 调度（GMP 模型）**。\n\n\n\n* **Goroutine (G):** 它是极度轻量级的“协程”，初始栈仅 2KB。这意味着你可以在普通服务器上轻松开启百万级的并发任务，而不会像 Java 线程那样因内存耗尽而崩溃。\n* **Channel (C):** 这是 Go 最精妙的通信机制。它遵循“不要通过共享内存来通信，而要通过通信来共享内存”的准则。通过管道传递数据，开发者可以天然避开复杂的加锁（Lock）逻辑，从而减少死锁和竞态条件的发生。\n\n### 三、 工程化实践：从标准库到微服务\n\nGo 的标准库被誉为“后端开发的瑞士军刀”。\n1.  **高性能网络库：** `net/http` 足以应对大多数高并发场景，配合 `context` 包，可以完美控制请求的生命周期和超时撤销。\n2.  **类型安全与性能：** 虽有垃圾回收（GC），但 Go 通过高效的内存逃逸分析（Escape Analysis）和指针机制，让开发者能精准控制内存分配，这在处理类似 YOLO 图像识别结果的大量结构化数据时，优势尤为明显。\n3.  **云原生兼容性：** 无论是 Docker 还是 Kubernetes，其核心均由 Go 编写。学习 Go 意味着你拿到了进入云原生基础设施底层的入场券。\n\n### 四、 给进阶学习者的建议\n\n如果你正处于从学术研究向工程落地转型的阶段，建议从以下三个维度突破：\n* **逃离舒适区：** 尝试用 `select` 配合 `time.After` 编写带超时的并发控制。\n* **关注性能分析：** 学会使用 `pprof` 工具观察内存堆栈和 CPU 耗时，这是衡量一名 Go 工程师是否资深的分水岭。\n* **架构视野：** 尝试将传统的单体逻辑拆解为基于分布式追踪（如 gRPC）的微服务，利用 Go 的简洁性来应对分布式系统的复杂性。\n\n### 结语\n\nGo 语言不是为了炫技，而是为了解决实际问题。它删繁就简，把复杂的并发细节隐藏在简洁的语法之下。当你写下 `go func()` 的那一刻，你不仅仅是在启动一个函数，更是在拥抱一种追求极致效率的工程文明。\n\n', 1, 1, 1, '2026-03-24 18:00:14', '2026-03-24 18:00:14', NULL),
(8, '你好', '# 好饭了吗', 3, 2, 1, '2026-03-24 18:18:20', '2026-03-24 18:18:20', NULL),
(10, '项目构建感悟！', '# 序\n## 从二月底、三月初开始，我开始接受我哥意见，决定从Java语言转行Go语言。Go语言的学习并不像Java的学习那样子的多，那样子的工程化，虽然我没有自己手写过Spring Boot项目，但是ai是一个很厉害的东西，我在去年年底的时候就使用ai帮忙构建过一个Java的spring boot项目，我觉得Java启动较慢。但那时我还没有了解go语言，所以慢不慢无所谓，主要是能做出来。后来寒假在家我觉定开始学习Java，每天三四小时，边看视频边敲代码，一个月成长很多，学会了Java很多的基础。\n## 回学校后我正式开始转换go语言，我学习的时候发现，有Java基础以后学习go语言，上手很简单，所以几天就把go的基础搞完，然后我就手敲了一些小项目。然后在翻论坛的时候，突然想到可以使用ai构建一个个人网站，于是这个个人博客网站的雏形就此出现，花了大概一周时间，我使用ai从我手敲的逻辑开始构建，一步步的把这个个人网站从想法变成现实。这是一个很棒的项目。\n#  网站的构建\n##  构建这个网站，我一开始是手敲了一些小逻辑，然后看到一大堆报错后，不想再改了，就开始介入ai，先是后端，重构我的代码逻辑，这一步使用了claude code和opencode的cli工具，很好用，然后使用谷歌的反重力编辑器的claude opus 4.6来把我的逻辑全部整合后端，就正式上线了个人博客1.0。\n##   我觉得这个个人博客1.0的前端界面不好看，我就去各大平台找前端的工具，然后我发现谷歌有一个工具：AI stdio 可以构建前端画布，并且生成代码，然后我就使用它来构建我的前端代码，再然后我的反重力额度上限，就回头使用trae 编辑器，在搞这个前端的时候，我学会了前后端分离的框架模式，学会了npm，npx等命令，然后就是一直和ai对话获取指令，叫ai帮我写代码，改代码，然后在今天：3月25的凌晨0点正式上线我的星野叙事！\n#  构建网站我学到了啥\n##  构建这个个人网站我学会了很多东西。实践才是出路，书上的知识是死的，只有实践才可以出真知。\n##  我学会了后端怎么连接数据库，怎么连接本地数据库，怎么连接云数据库；git管理版本；linux处理github上面的项目；前后端分离的开发逻辑，前端与后端怎么联系，靠什么接口来连接等等，一下子说不完，总之，实践才是真的。\n## 出项目才是真的厉害，不能光看不练。\n#  不足之处\n##  ai写代码，写项目虽然很厉害，但是对我们初学者来说，并不是一个很好的过程。我们可以依靠ai，但是不能依赖ai。我在开发的时候除了刚开始写的那时候，后面都是ai帮忙写的，很少自己去写，只有少数的接口需要自己去更改，总之，初学的时候一定需要自己去写代码，不能依赖ai。\n#  未来\n##   ai发展很快，但是自己的代码功底还是需要的，我们要学会使用ai，但我们也需要看懂代码，这也是工程师的专业需求，不懂代码是不会真正懂ai’的。\n##   我对ai的发展充满信心，就这样。。。\n#  就这样，不写了，拜拜！\n#  对了，未来我应该不怎么会来维护这个网站，但我还是会一直来这里写文章的。。', 4, 2, 4, '2026-03-24 19:05:10', '2026-03-24 19:05:10', NULL),
(11, '使用markdown', '# 今天来尝试使用md来写写文档\n\n## 反射：\n\n## kind() 方法\n\n### 可以使用switch 来进行找寻使用的类型\n\n**Go 代码示例**：*\n\n```go\nswitch t.Kind() {\t\n\tcase reflect.Struct:\n\t\t\tfmt.Println("Struct")\n\tcase reflect.Slice:\n\t\t\tfmt.Println("Slice")\n\tcase reflect.Interface:\n\t\t\tfmt.Println("Interface")\n\tcase reflect.String:\n\t\t\tfmt.Println("String")\n\tdefault:\n\t\t\tfmt.Println("其他类型")\n}\n```\n\n### Typeof（）是查找输入的类型\n\n```go\nfunc reflectValue(obj any) {\n\tt := reflect.TypeOf(obj)\n\tv := reflect.ValueOf(obj)\n\n\tfmt.Println("Type:", t)\n\tfmt.Println("Value:", v)\n}\n```\n\n```go输出示例\nType: int\nValue: 42\n```\n\n---', 1, NULL, 1, '2026-03-31 06:55:04', '2026-03-31 06:55:04', NULL),
(12, '结构体反射', '---\n我觉得写的不是特别清楚，不知道在写啥\n\n### 获取结构体里面的值：\n\n```go\nfunc ParseJson(obj any) {\n    v := reflect.ValueOf(obj)\n    t := reflect.TypeOf(obj)\n\n    // NumField 是获取结构体的字段\n    for i := 0; i < v.NumField(); i++ {\n        tf := t.Field(i)\n        // field 用来获取结构体中 i 的字段\n        jsonTag := tf.Tag.Get("json")\n\n        if jsonTag == "" {\n            jsonTag = tf.Name\n        }\n\n        // fmt.Printf("%s: %s\\n", tf.Name, jsonTag)\n        fmt.Println(jsonTag, v.Field(i))\n    }\n}\nfunc main() {\n    // 定义一个结构体类型\n    type Person struct {\n        Name string `json:"name"`\n        Age  int   \n        isMan bool  \n    }    \n    p := Person{Name: "zero", Age: 30, isMan: true}\n    ParseJson(p)\n\n}\n```\n\n```go\n// 输出\nname zero\nAge 30\nisMan true\n```\n\n这里面注意的点是：Field 函数是获取结构体里面 第 i 个值的字段（内容、值），\n\n  NumField 是获取结构体的字段\n\n### 调用结构体的方法：\n\n```go\ntype User struct {\n}\n\nfunc (User)Call(name string) {\n    fmt.Println("我被调用了", name)\n}\n\nfunc Call(obj any){\n    v := reflect.ValueOf(obj).Elem()\n    t  := reflect.TypeOf(obj).Elem()\n\n    for i := 0; i < v.NumMethod(); i++ { \n        if t.Method(i).Name  != "Call" {  // 忽略Call方法\n            continue\n        }\n        method := v.Method(i)\n        method.Call([]reflect.Value{\n            reflect.ValueOf("zero"),\n        })\n    }\n}\n\nfunc main() {\n    u := User{}\n    Call(&u)\n}\n```\n\n调用结构体的方法！\n\n---\n\n## 说来说去都没有说反射有什么用：\n\n反射的实际应用场景：\n\n1. **框架开发**：Web 框架（如 Gin）用反射自动绑定 HTTP 请求参数到结构体字段\n  \n2. **ORM 数据库库**：GORM 用反射将数据库查询结果映射到 Go 结构体\n  \n3. **序列化/反序列化**：JSON 编码解码库用反射处理任意类型的数据转换\n  \n4. **依赖注入**：自动扫描和注入依赖\n  \n5. **插件系统**：动态加载和调用插件中的方法\n  \n6. **测试框架**：自动发现和执行测试函数\n  \n7. **配置管理**：根据标签自动解析配置文件到结构体\n  \n\n**简单说**：反射让你写通用代码，能处理任意类型的数据，而不用为每种类型单独写逻辑。这是构建灵活、可扩展系统的基础。', 1, 1, 1, '2026-03-31 09:43:48', '2026-03-31 09:43:48', NULL),
(13, 'Z', '近期练习的时候，从golang  全家桶编辑器又转回到了vscode，觉得vscode这个更加的轻便，每次都可以很轻松的打开，不需要进行等待过程的时间，这是其它的编辑器很难做到的，我也觉得这些很好用，\n###  vscode\n里面的插件真的很多，插件社区真的很庞大，什么都有\n但是最近有一个问题很恼，就是每次取查完资料回到vscode里面没有办法直接回到英文输入，每次都要重新摁一次 shift 键，有点麻烦，还在寻找解决办法中...\n\n好用的工具可以加快学习或者工作效率...', 1, 2, 0, '2026-03-31 16:43:22', '2026-03-31 16:43:22', NULL);

-- ----------------------------
-- 插入 comments 表数据
-- ----------------------------
INSERT INTO comments (id, content, article_id, user_id, likes_count, created_at) VALUES 
(1, '相信自己', 2, 1, 0, '2026-03-24 18:15:12'),
(2, '该睡觉了', 8, 1, 0, '2026-03-24 18:19:39'),
(3, '一个写文章的小网站，未来可以来写小文章，学习或生活的小文章。', 10, 4, 1, '2026-03-24 19:06:29'),
(4, '项目就先弄到这里了，接下来还是需要好好学习技术的。', 10, 4, 1, '2026-03-24 19:07:15'),
(5, '有想法，敢执行，在学习中实践，在实践中再学新知。少年，你太棒啦', 10, 1, 3, '2026-03-25 05:14:12'),
(6, '棒棒的，我支持你', 10, 7, 1, '2026-03-25 07:55:32'),
(7, '我觉得这个网站还可以加入一个作者可以编辑自己文章的功能，不然每次写作的时候发布后都不可以及时修改\n', 11, 1, 0, '2026-03-31 06:56:53'),
(8, '当日志用了，这个网站，哈哈哈哈\n', 11, 1, 0, '2026-03-31 06:57:13'),
(9, '有一周没有写过代码了，回头来看一下这些学习的文档。。。还可以再在这个文章里面加入一个快捷键，直接按回车或者ctrl + 回车 键直接发布！！', 11, 1, 0, '2026-03-31 07:02:08');

-- ----------------------------
-- 插入 article_likes 表数据
-- ----------------------------
INSERT INTO article_likes (id, user_id, article_id, created_at) VALUES 
(1, 1, 3, '2026-03-24 17:58:28'),
(2, 1, 2, '2026-03-24 18:01:16'),
(3, 1, 7, '2026-03-24 18:14:23'),
(5, 4, 10, '2026-03-24 19:06:39'),
(7, 2, 10, '2026-03-25 03:54:29'),
(9, 5, 10, '2026-03-25 04:46:22'),
(10, 5, 8, '2026-03-25 05:08:51'),
(12, 1, 10, '2026-03-25 05:12:05'),
(13, 1, 11, '2026-03-31 06:56:59'),
(14, 1, 12, '2026-03-31 09:44:16');

-- ----------------------------
-- 插入 comment_likes 表数据
-- ----------------------------
INSERT INTO comment_likes (id, user_id, comment_id, created_at) VALUES 
(1, 4, 3, '2026-03-24 19:06:37'),
(4, 4, 4, '2026-03-25 04:38:58'),
(5, 5, 5, '2026-03-25 05:19:22'),
(6, 4, 5, '2026-03-25 06:49:19'),
(7, 1, 5, '2026-03-25 07:04:14'),
(8, 1, 6, '2026-03-26 10:53:17');

-- ----------------------------
-- 插入 profiles 表数据
-- ----------------------------
INSERT INTO profiles (id, name, nickname, avatar, bio, skills, email, git_hub, blog, location, created_at, updated_at, deleted_at) VALUES 
(1, '何时', '博主', '', '欢迎来到我的个人空间！本人长得贼帅，感兴趣就加入我们，让我们一起成长吧！QQ:2790457332', '["Go","Python","Web开发","Yolo","Linux","mysql","Java","C语言"]', 'eroz7946@gmail.com', 'https://github.com/Zero-hhac', '', '中国', '2026-03-24 17:57:35', '2026-03-24 17:57:35', NULL);

-- 3. 恢复外键约束检查
SET session_replication_role = 'origin';

-- 4. 更新 ID 序列（防止之后插入数据时 ID 冲突）
SELECT setval('users_id_seq', (SELECT MAX(id) FROM users));
SELECT setval('collections_id_seq', (SELECT MAX(id) FROM collections));
SELECT setval('articles_id_seq', (SELECT MAX(id) FROM articles));
SELECT setval('comments_id_seq', (SELECT MAX(id) FROM comments));
SELECT setval('article_likes_id_seq', (SELECT MAX(id) FROM article_likes));
SELECT setval('comment_likes_id_seq', (SELECT MAX(id) FROM comment_likes));
SELECT setval('profiles_id_seq', (SELECT MAX(id) FROM profiles));
